{
  "project_info": {
    "project_number": "1013393434218",
    "firebase_url": "https://beautyparlour-bd404.firebaseio.com",
    "project_id": "beautyparlour-bd404",
    "storage_bucket": "beautyparlour-bd404.appspot.com"
  },
  "client": [
    {
      "client_info": {
        "mobilesdk_app_id": "1:1013393434218:android:6ad210418c559789",
        "android_client_info": {
          "package_name": "com.example.beautyparlour"
        }
      },
      "oauth_client": [
        {
          "client_id": "1013393434218-ba6oh9huibc77pup1918lou5c8av4e72.apps.googleusercontent.com",
          "client_type": 3
        }
      ],
      "api_key": [
        {
          "current_key": "AIzaSyAxFbnkfAbTktkB9cd7zYCVr3UxuSsgWxE"
        }
      ],
      "services": {
        "appinvite_service": {
          "other_platform_oauth_client": [
            {
              "client_id": "1013393434218-ba6oh9huibc77pup1918lou5c8av4e72.apps.googleusercontent.com",
              "client_type": 3
            }
          ]
        }
      }
    }
  ],
  "configuration_version": "1"
}